Date,Open,High,Low,Close,Volume,Change
2019-12-06,5010,5700,4260,4970,17213,
2019-12-09,4970,5000,4500,5000,9620,0.006036217303822866
2019-12-10,5100,5100,4400,5000,1220,0.0
2019-12-11,5000,5000,5000,5000,10,0.0
2019-12-12,5000,5750,5000,5750,46,0.1499999999999999
2019-12-13,6590,6610,6590,6610,630,0.14956521739130424
2019-12-16,5800,7470,5700,6000,3220,-0.09228441754916794
2019-12-17,6100,6900,5340,6100,73,0.016666666666666607
2019-12-18,6200,6200,6200,6200,1,0.016393442622950838
2019-12-19,6200,6320,6200,6320,68,0.019354838709677358
2019-12-20,6400,7260,6340,6340,1064,0.0031645569620253333
2019-12-23,6340,6380,6000,6010,21416,-0.05205047318611988
2019-12-24,6100,6100,6100,6100,15000,0.014975041597337757
2019-12-26,6350,6350,6350,6350,50,0.040983606557376984
2019-12-27,6400,6400,6200,6200,2050,-0.023622047244094446
2019-12-30,6450,6550,6250,6550,1300,0.056451612903225756
2020-01-02,7000,7000,7000,7000,10,0.06870229007633588
2020-01-03,7500,7500,7500,7500,1000,0.0714285714285714
2020-01-06,7750,7750,7750,7750,1000,0.03333333333333344
2020-01-07,7530,7530,7530,7530,200,-0.0283870967741936
2020-01-08,7000,7530,6800,7530,8633,0.0
2020-01-09,7000,7850,7000,7850,3010,0.04249667994687911
2020-01-10,7630,7850,7630,7850,210,0.0
2020-01-13,7850,7850,7850,7850,1000,0.0
2020-01-14,7850,7850,7850,7850,1000,0.0
2020-01-15,8000,8000,8000,8000,10,0.019108280254777066
2020-01-16,7990,7990,7990,7990,11,-0.0012499999999999734
2020-01-17,7990,7990,7990,7990,0,0.0
2020-01-20,8000,8000,7500,7500,2126,-0.06132665832290363
2020-01-21,7000,7460,6500,7460,4850,-0.005333333333333301
2020-01-22,7450,7450,7000,7000,410,-0.06166219839142095
2020-01-23,7450,7450,7450,7450,10,0.06428571428571428
2020-01-28,7670,7670,7670,7670,5,0.029530201342281792
2020-01-29,7450,7450,7450,7450,200,-0.028683181225554133
2020-01-30,7670,7670,7670,7670,5,0.029530201342281792
2020-01-31,6900,7650,6900,7650,1006,-0.0026075619295958807
2020-02-03,7430,7500,7430,7500,202,-0.019607843137254943
2020-02-04,7490,7490,7490,7490,115,-0.0013333333333332975
2020-02-05,7490,7490,7100,7100,700,-0.05206942590120156
2020-02-06,7100,7500,7100,7500,250,0.05633802816901401
2020-02-07,7000,7000,7000,7000,890,-0.06666666666666665
2020-02-10,7100,7200,7100,7200,105,0.02857142857142847
2020-02-11,7000,7000,7000,7000,100,-0.02777777777777779
2020-02-12,6900,6900,6900,6900,200,-0.014285714285714235
2020-02-13,6900,7000,6900,7000,1601,0.01449275362318847
2020-02-14,6900,7400,6900,7400,205,0.05714285714285716
2020-02-17,6900,6900,6900,6900,200,-0.06756756756756754
2020-02-18,7000,7000,7000,7000,12210,0.01449275362318847
2020-02-19,7000,7000,7000,7000,300,0.0
2020-02-20,6890,6900,6890,6900,3005,-0.014285714285714235
2020-02-21,6900,6900,6900,6900,10,0.0
2020-02-24,6700,6900,6700,6900,210,0.0
2020-02-25,6700,6900,6700,6900,201,0.0
2020-02-26,6700,6700,6700,6700,2700,-0.02898550724637683
2020-02-27,6900,6900,6500,6750,379,0.00746268656716409
2020-02-28,6500,6750,6500,6750,310,0.0
2020-03-02,7000,7000,6700,6700,11,-0.007407407407407418
2020-03-03,6800,6800,6400,6690,388,-0.0014925373134327957
2020-03-04,6650,6950,6650,6950,11,0.038863976083707064
2020-03-05,7300,7300,7300,7300,1,0.050359712230215736
2020-03-06,7400,7400,7400,7400,10,0.013698630136986356
2020-03-09,7500,7500,7500,7500,5,0.013513513513513598
2020-03-10,7500,7500,6800,7500,4009,0.0
2020-03-11,8000,8000,6500,7900,8073,0.05333333333333323
2020-03-12,7900,7900,7900,7900,1,0.0
2020-03-13,7400,7400,7400,7400,1,-0.06329113924050633
2020-03-16,6800,6800,6800,6800,207,-0.08108108108108103
2020-03-17,7000,7000,7000,7000,1,0.02941176470588225
2020-03-18,6800,6800,6800,6800,200,-0.02857142857142858
2020-03-19,6610,6610,6610,6610,200,-0.027941176470588247
2020-03-20,6400,6500,6400,6500,16501,-0.016641452344931973
2020-03-23,7000,7000,6000,6500,210,0.0
2020-03-24,6500,6500,6500,6500,5,0.0
2020-03-25,6500,6500,6500,6500,50,0.0
2020-03-26,6500,6500,6500,6500,10,0.0
2020-03-27,6000,6000,6000,6000,622,-0.07692307692307687
2020-03-30,6000,6000,5100,6000,528,0.0
2020-03-31,6000,6000,5600,6000,230,0.0
2020-04-01,6000,6000,5100,6000,520,0.0
2020-04-02,6000,6000,6000,6000,15,0.0
2020-04-03,6000,6000,5100,5900,1755,-0.01666666666666672
2020-04-06,6000,6000,5020,5900,520,0.0
2020-04-07,6000,6000,6000,6000,10,0.016949152542372836
2020-04-08,5900,5900,5100,5900,525,-0.01666666666666672
2020-04-09,6000,6000,6000,6000,10,0.016949152542372836
2020-04-10,6000,6000,6000,6000,10,0.0
2020-04-13,6000,6000,6000,6000,10,0.0
2020-04-14,6000,6000,5100,5900,1020,-0.01666666666666672
2020-04-16,6000,6000,6000,6000,10,0.016949152542372836
2020-04-17,5800,5800,5800,5800,200,-0.033333333333333326
2020-04-20,5900,5900,5900,5900,10,0.01724137931034475
2020-04-21,5900,5900,5500,5500,1010,-0.06779661016949157
2020-04-22,6000,6000,6000,6000,10,0.09090909090909083
2020-04-23,6000,6000,6000,6000,10,0.0
2020-04-24,6000,6000,6000,6000,10,0.0
2020-04-27,5900,5900,5100,5900,6815,-0.01666666666666672
2020-04-28,5900,5900,5020,5800,5548,-0.016949152542372836
2020-04-29,5500,6000,5000,5900,6020,0.01724137931034475
2020-05-04,5900,5900,5020,5890,5520,-0.0016949152542372614
2020-05-06,6000,6000,6000,6000,1,0.018675721561969505
2020-05-07,6900,6900,6900,6900,1,0.1499999999999999
2020-05-08,6000,6900,5870,6900,6385,0.0
2020-05-11,7000,7100,5900,6970,12376,0.010144927536231974
2020-05-12,7100,7100,6000,7000,8172,0.004304160688665792
2020-05-13,6900,7000,6500,6990,8903,-0.0014285714285714457
2020-05-14,6500,6950,6500,6900,11514,-0.012875536480686733
2020-05-15,7000,7000,6500,6800,10018,-0.01449275362318836
2020-05-18,7000,7000,7000,7000,10005,0.02941176470588225
2020-05-19,6800,7000,6800,7000,5500,0.0
2020-05-20,6800,6800,6800,6800,66865,-0.02857142857142858
2020-05-21,6800,6800,6400,6800,21,0.0
2020-05-22,6500,6800,6500,6800,2759,0.0
2020-05-25,6500,6600,6500,6600,5030,-0.02941176470588236
2020-05-26,7000,7000,7000,7000,1,0.06060606060606055
2020-05-27,7200,7200,6990,7000,2244,0.0
2020-05-28,7300,7300,7300,7300,1,0.04285714285714293
2020-05-29,7200,7200,7200,7200,20,-0.013698630136986356
2020-06-01,7000,7000,7000,7000,1500,-0.02777777777777779
2020-06-02,7000,7100,6400,7000,2025,0.0
2020-06-03,7100,7100,7000,7000,653,0.0
2020-06-04,7000,7000,7000,7000,6,0.0
2020-06-05,7000,7000,7000,7000,384,0.0
2020-06-08,7000,7000,7000,7000,1000,0.0
2020-06-09,7000,7000,7000,7000,1000,0.0
2020-06-10,7000,7000,7000,7000,1000,0.0
2020-06-11,6900,6900,6900,6900,0,-0.014285714285714235
2020-06-12,7000,7000,6600,7000,215,0.01449275362318847
2020-06-15,6800,6800,6800,6800,100,-0.02857142857142858
2020-06-16,7000,7000,7000,7000,1803,0.02941176470588225
2020-06-17,7000,7000,7000,7000,2,0.0
2020-06-18,6990,6990,6990,6990,0,-0.0014285714285714457
2020-06-19,7010,7010,7010,7010,1,0.0028612303290413976
2020-06-22,6900,6900,6900,6900,0,-0.015691868758915817
2020-06-23,6700,6700,6700,6700,0,-0.02898550724637683
2020-06-24,6900,6900,6700,6700,501,0.0
2020-06-25,6800,6800,6800,6800,1,0.014925373134328401
2020-06-26,7000,7000,6500,6800,5182,0.0
2020-06-29,6800,6800,6800,6800,1500,0.0
2020-06-30,6800,7000,6800,6800,6143,0.0
2020-07-01,6800,6900,6600,6900,2548,0.014705882352941124
2020-07-02,6900,6900,6900,6900,107,0.0
2020-07-03,6900,6900,6700,6900,2743,0.0
2020-07-06,7000,7000,6800,6900,748,0.0
2020-07-07,6800,7000,6800,7000,510,0.01449275362318847
2020-07-08,7000,7000,6800,7000,3224,0.0
2020-07-09,6800,7000,6800,7000,557,0.0
2020-07-10,7100,7100,7000,7000,511,0.0
2020-07-13,7100,7150,7100,7100,1135,0.014285714285714235
2020-07-14,7250,7250,7150,7150,5803,0.007042253521126751
2020-07-15,7200,7200,7200,7200,26737,0.006993006993007089
2020-07-16,7500,7500,6900,7490,3104,0.04027777777777786
2020-07-17,7400,7400,7400,7400,68,-0.012016021361815787
2020-07-20,7500,7500,7500,7500,1000,0.013513513513513598
2020-07-21,7500,8000,7500,8000,1370,0.06666666666666665
2020-07-22,8000,8000,8000,8000,1000,0.0
2020-07-23,8000,8500,7500,8440,5138,0.05499999999999994
2020-07-24,8400,8500,8400,8500,3003,0.007109004739336511
2020-07-27,7550,8300,7550,7990,1080,-0.06000000000000005
2020-07-28,7650,7840,7650,7840,2040,-0.018773466833541974
2020-07-29,7600,7840,7600,7840,2800,0.0
2020-07-30,7840,7840,7700,7840,2010,0.0
2020-07-31,7670,7840,7670,7840,910,0.0
2020-08-03,7600,7840,7600,7840,2000,0.0
2020-08-04,8000,8000,8000,8000,10,0.020408163265306145
2020-08-05,7970,7970,7700,7700,1205,-0.03749999999999998
2020-08-06,7310,7990,7310,7700,1024,0.0
2020-08-07,8000,8000,7650,7960,277,0.033766233766233666
2020-08-10,7900,8000,7900,8000,1505,0.005025125628140614
2020-08-11,7970,7970,7970,7970,10,-0.003750000000000031
2020-08-12,8000,8000,8000,8000,10,0.0037641154328733606
2020-08-13,7900,7900,7900,7900,0,-0.012499999999999956
2020-08-14,8000,8000,7990,7990,4,0.0113924050632912
2020-08-18,7900,7900,7900,7900,1,-0.01126408010012514
2020-08-19,7900,7900,7900,7900,104,0.0
2020-08-20,8000,8000,8000,8000,1437,0.012658227848101333
2020-08-21,8000,8000,7990,7990,314,-0.0012499999999999734
2020-08-24,7900,7980,7900,7980,514,-0.0012515644555695093
2020-08-25,7990,7990,7990,7990,1,0.0012531328320801727
2020-08-26,7990,7990,7990,7990,1,0.0
2020-08-27,7990,7990,7990,7990,1,0.0
2020-08-28,8000,8000,8000,8000,1,0.0012515644555695093
2020-08-31,7990,7990,7990,7990,1,-0.0012499999999999734
2020-09-01,8000,8000,8000,8000,1,0.0012515644555695093
2020-09-02,8000,8000,8000,8000,10,0.0
2020-09-03,8000,8000,8000,8000,5,0.0
2020-09-04,7950,7950,7950,7950,0,-0.006249999999999978
2020-09-07,7950,8000,7950,8000,1100,0.0062893081761006275
2020-09-08,7980,7980,7980,7980,0,-0.0024999999999999467
2020-09-09,7990,7990,7990,7990,30,0.0012531328320801727
2020-09-10,8000,8000,8000,8000,3000,0.0012515644555695093
2020-09-11,7990,8000,7990,7990,4000,-0.0012499999999999734
2020-09-14,7980,8000,7970,7990,9007,0.0
2020-09-15,7940,7940,7940,7940,3200,-0.006257822277847325
2020-09-16,7970,8000,7970,7980,7000,0.005037783375314797
2020-09-17,7940,7940,7900,7910,11900,-0.00877192982456143
2020-09-18,7960,7960,7900,7900,7096,-0.0012642225031606058
2020-09-21,7950,7950,7940,7940,3005,0.005063291139240533
2020-09-22,7900,7900,7900,7900,0,-0.005037783375314908
2020-09-23,7900,7900,7900,7900,3000,0.0
2020-09-24,8000,8000,8000,8000,5000,0.012658227848101333
2020-09-25,7900,7900,7900,7900,4600,-0.012499999999999956
2020-09-28,7900,7900,7900,7900,0,0.0
2020-09-29,7800,8000,7800,8000,8100,0.012658227848101333
2020-10-05,7950,7990,7950,7990,1001,-0.0012499999999999734
2020-10-06,7980,7980,7980,7980,0,-0.0012515644555695093
2020-10-07,7990,7990,7990,7990,1,0.0012531328320801727
2020-10-08,7980,7980,7980,7980,0,-0.0012515644555695093
2020-10-12,8000,8000,7800,8000,3721,0.0025062656641603454
2020-10-13,8000,8000,8000,8000,2000,0.0
2020-10-14,8000,8000,8000,8000,10,0.0
2020-10-15,8010,8010,8010,8010,10,0.0012499999999999734
2020-10-16,8000,8000,8000,8000,0,-0.0012484394506866447
2020-10-19,8000,8000,8000,8000,0,0.0
2020-10-20,7900,7900,7900,7900,0,-0.012499999999999956
2020-10-21,8000,8800,8000,8800,1100,0.11392405063291133
2020-10-22,7500,8000,7500,8000,2004,-0.09090909090909094
2020-10-23,7990,7990,7990,7990,0,-0.0012499999999999734
2020-10-26,7990,7990,7990,7990,0,0.0
2020-10-27,7990,7990,7990,7990,0,0.0
2020-10-28,7990,7990,7990,7990,1,0.0
2020-10-29,7990,7990,7990,7990,0,0.0
2020-10-30,9000,9000,8400,8400,20,0.051314142678347885
2020-11-02,8000,8000,8000,8000,200,-0.04761904761904767
2020-11-03,7500,7990,7500,7990,1009,-0.0012499999999999734
2020-11-04,7800,7800,7120,7130,267,-0.1076345431789737
2020-11-05,7500,8000,7500,8000,4012,0.12201963534361848
2020-11-06,7990,8000,7800,8000,110506,0.0
2020-11-09,7770,7770,7770,7770,200,-0.028750000000000053
2020-11-10,8000,8000,8000,8000,1,0.029601029601029616
2020-11-11,8000,8000,8000,8000,2753,0.0
2020-11-12,7500,8000,7500,7700,2351,-0.03749999999999998
2020-11-13,7800,8100,7700,8100,2250,0.051948051948051965
2020-11-16,7700,8100,7700,8100,20300,0.0
2020-11-17,7800,8600,7800,8600,20931,0.06172839506172845
2020-11-18,8800,8800,8800,8800,302,0.023255813953488413
2020-11-19,8200,8200,8200,8200,2,-0.06818181818181823
2020-11-20,8800,8800,8800,8800,100,0.07317073170731714
2020-11-23,8800,8800,8800,8800,1,0.0
2020-11-24,8500,9200,8000,9200,5600,0.045454545454545414
2020-11-25,9200,9200,9200,9200,0,0.0
2020-11-26,9900,9900,9900,9900,200,0.07608695652173902
2020-11-27,11350,11350,10200,10200,976,0.030303030303030276
2020-11-30,10500,10500,10500,10500,1,0.02941176470588225
2020-12-01,10600,10600,10500,10500,1898,0.0
2020-12-02,10000,10500,10000,10500,1010,0.0
2020-12-03,10500,10500,10500,10500,100,0.0
2020-12-04,10500,10500,10500,10500,100,0.0
2020-12-07,10500,10500,10500,10500,100,0.0
2020-12-08,10500,10500,10500,10500,100,0.0
2020-12-09,10500,11000,10400,11000,139,0.04761904761904767
2020-12-10,11000,11000,10600,11000,217,0.0
2020-12-11,10900,10900,10600,10600,700,-0.036363636363636376
2020-12-14,10000,10000,10000,10000,5000,-0.05660377358490565
2020-12-15,10000,10000,10000,10000,0,0.0
2020-12-16,10500,10500,10500,10500,1,0.050000000000000044
2020-12-17,10400,10400,10000,10000,2,-0.04761904761904767
2020-12-18,10000,10000,10000,10000,15200,0.0
2020-12-21,10000,10000,9800,9800,350,-0.020000000000000018
2020-12-22,9800,9800,9700,9700,450,-0.010204081632653073
2020-12-23,9800,9800,9800,9800,100,0.010309278350515427
2020-12-24,9800,9800,9650,9700,19248,-0.010204081632653073
2020-12-28,9700,9700,9600,9600,500,-0.010309278350515427
2020-12-29,9700,9740,9700,9700,6100,0.01041666666666674
2020-12-30,9800,9980,9800,9980,41904,0.028865979381443196
2021-01-04,9980,11400,9980,11400,1263,0.14228456913827658
2021-01-05,11000,11000,9700,10450,3987,-0.08333333333333337
2021-01-06,10450,10450,10300,10300,103,-0.014354066985645897
2021-01-07,10200,10200,10050,10150,6,-0.014563106796116498
2021-01-08,10950,10950,10000,10000,20,-0.014778325123152691
2021-01-11,9990,9990,9990,9990,1,-0.0010000000000000009
2021-01-12,10000,10000,10000,10000,3,0.0010010010010010895
2021-01-13,9980,10000,9950,10000,3755,0.0
2021-01-14,9500,9900,9500,9900,4113,-0.010000000000000009
2021-01-15,9900,9900,9900,9900,3600,0.0
2021-01-18,9900,9900,9800,9800,552,-0.010101010101010055
2021-01-19,9750,9890,9750,9890,200,0.009183673469387754
2021-01-20,9890,9900,9500,9900,12065,0.0010111223458038054
2021-01-21,10000,10000,9500,10000,10916,0.010101010101010166
2021-01-22,10000,10000,10000,10000,0,0.0
2021-01-25,10000,10000,10000,10000,6103,0.0
2021-01-26,11000,11250,11000,11200,446,0.1200000000000001
2021-01-27,11000,11200,11000,11200,101,0.0
2021-01-28,11150,11200,11150,11200,10,0.0
2021-01-29,11000,11000,11000,11000,500,-0.017857142857142905
2021-02-01,11500,11500,11500,11500,100,0.045454545454545414
2021-02-02,11450,11450,11450,11450,100,-0.004347826086956497
2021-02-03,11500,11500,11500,11500,5100,0.004366812227074135
2021-02-04,11500,11500,11500,11500,50,0.0
2021-02-05,11500,11500,11500,11500,0,0.0
2021-02-08,11450,11450,11450,11450,0,-0.004347826086956497
2021-02-09,11450,11450,11450,11450,0,0.0
2021-02-10,11450,11450,11450,11450,0,0.0
2021-02-15,11000,11000,11000,11000,20,-0.0393013100436681
2021-02-16,11000,11000,11000,11000,62,0.0
2021-02-17,11500,11500,11500,11500,5,0.045454545454545414
2021-02-18,11500,11500,11500,11500,1,0.0
2021-02-19,12500,12500,12000,12000,501,0.04347826086956519
2021-02-22,11500,11500,11500,11500,50,-0.04166666666666663
2021-02-23,11500,11500,11500,11500,0,0.0
2021-02-24,11500,11500,11500,11500,0,0.0
2021-02-25,11400,11400,11400,11400,0,-0.008695652173912993
2021-02-26,11400,11400,11400,11400,0,0.0
2021-03-02,11400,11400,11400,11400,4065,0.0
2021-03-03,10050,11400,10050,11400,2,0.0
2021-03-04,11350,11350,11100,11100,101,-0.02631578947368418
2021-03-05,11500,11500,11500,11500,1,0.03603603603603611
2021-03-08,10300,11500,10300,11500,2,0.0
2021-03-09,10050,11450,10050,11450,3,-0.004347826086956497
2021-03-10,9750,11400,9750,11250,544,-0.017467248908296984
2021-03-11,10900,10900,10900,10900,5,-0.03111111111111109
2021-03-12,11800,11800,11800,11800,2,0.08256880733944949
2021-03-15,11350,11400,11350,11400,279,-0.03389830508474578
2021-03-16,11100,11100,11100,11100,50,-0.02631578947368418
2021-03-17,11800,11800,9470,11400,5,0.027027027027026973
2021-03-18,11800,11800,11400,11400,2,0.0
2021-03-19,13100,13100,11500,11500,11,0.00877192982456143
2021-03-22,11000,11000,10350,11000,340,-0.04347826086956519
2021-03-23,11900,11900,11400,11400,669,0.036363636363636376
2021-03-24,11100,11100,11100,11100,100,-0.02631578947368418
2021-03-25,11900,11900,11900,11900,10,0.072072072072072
2021-03-26,11900,11900,11900,11900,0,0.0
2021-03-29,11500,11500,11000,11000,10006,-0.07563025210084029
2021-03-30,12400,12400,12200,12200,2,0.10909090909090913
2021-03-31,12700,12700,11000,11300,294,-0.07377049180327866
2021-04-01,12400,12400,12200,12200,2,0.07964601769911495
2021-04-02,13450,13450,13000,13000,103,0.06557377049180335
2021-04-05,12000,12000,12000,12000,83,-0.07692307692307687
2021-04-06,12000,12000,12000,12000,0,0.0
2021-04-07,11700,11700,11700,11700,104,-0.025000000000000022
2021-04-08,13200,13200,13200,13200,1,0.1282051282051282
2021-04-09,13800,13800,11450,11500,1743,-0.12878787878787878
2021-04-12,12750,12750,12750,12750,2,0.10869565217391308
2021-04-13,12400,12400,12350,12350,104,-0.03137254901960784
2021-04-14,13800,13800,11500,11500,262,-0.06882591093117407
2021-04-15,11200,11200,11200,11200,99,-0.02608695652173909
2021-04-16,11950,11950,11950,11950,5,0.06696428571428581
2021-04-19,11900,11900,10200,10200,1474,-0.14644351464435146
2021-04-20,11000,11000,9310,9500,1348,-0.06862745098039214
2021-04-21,9850,9850,8120,9390,2088,-0.011578947368421022
2021-04-22,9500,10050,9210,9260,134,-0.013844515441959526
2021-04-23,10400,10400,9160,9600,105,0.036717062634989306
2021-04-26,10050,10050,9510,9810,274,0.02187500000000009
2021-04-27,10300,10300,9450,9810,1222,0.0
2021-04-28,10900,10900,10000,10000,6,0.019367991845056
2021-04-29,10300,10300,9310,9310,12,-0.06899999999999995
2021-04-30,10200,10200,9410,9900,32,0.06337271750805584
2021-05-03,11050,11050,9060,10600,3,0.07070707070707072
2021-05-04,10800,10800,10800,10800,1,0.018867924528301883
2021-05-06,11150,11150,10850,10850,2,0.004629629629629539
2021-05-07,10800,10800,10500,10500,9,-0.032258064516129004
2021-05-10,11550,11550,10550,10550,3,0.004761904761904745
2021-05-11,10900,10900,10450,10550,35,0.0
2021-05-12,11750,11750,10000,10950,9,0.03791469194312791
2021-05-13,10900,10900,9630,9940,1030,-0.09223744292237446
2021-05-14,9880,9880,9690,9690,2,-0.02515090543259557
2021-05-17,9980,9980,9980,9980,1,0.029927760577915352
2021-05-18,9990,9990,9990,9990,1,0.0010020040080160886
2021-05-20,10750,10750,10750,10750,1,0.07607607607607614
2021-05-21,10450,10450,10100,10100,102,-0.06046511627906981
2021-05-24,10000,10000,10000,10000,277,-0.00990099009900991
2021-05-25,9990,9990,9940,9940,2,-0.006000000000000005
2021-05-26,9990,9990,9900,9900,2,-0.004024144869215318
2021-05-27,10050,10050,9950,9950,2,0.005050505050504972
2021-05-28,9950,9950,9940,9940,31,-0.0010050251256281673
2021-05-31,9990,9990,8530,9940,5,0.0
2021-06-01,11200,11200,11200,11200,1,0.12676056338028174
2021-06-02,11900,11900,9590,9950,12,-0.1116071428571429
2021-06-03,9670,9670,9670,9670,70,-0.028140703517587906
2021-06-04,9990,9990,9780,9780,2,0.011375387797311287
2021-06-07,9490,9490,9100,9490,503,-0.029652351738241323
2021-06-08,9000,9800,9000,9500,1040,0.0010537407797681642
2021-06-09,9500,9500,8760,8890,2040,-0.0642105263157895
2021-06-10,10100,10100,8770,8900,614,0.0011248593925758943
2021-06-11,9960,9960,8710,8840,1442,-0.006741573033707815
2021-06-14,9990,9990,8700,9100,27,0.02941176470588225
2021-06-15,8160,9100,8160,8800,1778,-0.03296703296703296
2021-06-16,9980,9980,8310,8670,2124,-0.01477272727272727
2021-06-17,8500,8770,8500,8500,709,-0.019607843137254943
2021-06-18,8800,8800,8520,8610,513,0.012941176470588234
2021-06-21,9090,9090,8520,8520,296,-0.010452961672473893
2021-06-22,9000,9000,7900,8590,124,0.008215962441314506
2021-06-23,8110,9250,8110,8590,20,0.0
2021-06-24,8110,8840,8110,8640,158,0.005820721769499437
2021-06-25,8990,8990,8210,8570,783,-0.00810185185185186
2021-06-28,8870,8870,8490,8530,1186,-0.004667444574095736
2021-06-29,9000,9000,8340,8770,3,0.028135990621336537
2021-06-30,9190,9190,8510,8900,63,0.014823261117445918
2021-07-01,8500,8990,8500,8790,34,-0.012359550561797716
2021-07-02,8790,8790,8210,8210,6,-0.0659840728100114
2021-07-05,9190,9190,8210,8790,12,0.07064555420219243
2021-07-06,7700,9700,7700,8490,1273,-0.03412969283276446
2021-07-07,8550,8550,8050,8450,808,-0.004711425206124886
2021-07-08,8950,8950,8950,8950,34,0.059171597633136175
2021-07-09,9000,9000,9000,9000,1,0.005586592178770999
2021-07-12,9470,9470,8980,8980,2,-0.0022222222222222365
2021-07-13,9900,9900,9900,9900,1,0.10244988864142535
2021-07-14,9900,9900,8420,8780,830,-0.11313131313131308
2021-07-15,9990,9990,8790,8790,204,0.001138952164009055
2021-07-16,8770,8770,8670,8670,3,-0.013651877133105783
2021-07-19,8870,8870,8070,8400,347,-0.03114186851211076
2021-07-20,8830,8830,8500,8500,2,0.011904761904761862
2021-07-21,9680,9680,8320,8470,345,-0.003529411764705892
2021-07-22,9000,9000,8370,8500,104,0.0035419126328217754
2021-07-23,8850,8850,8400,8410,302,-0.010588235294117676
2021-07-26,8890,8890,8410,8440,103,0.00356718192627814
2021-07-27,8850,8860,8330,8780,93,0.04028436018957349
2021-07-28,8900,8900,8410,8680,103,-0.011389521640091105
2021-07-29,8850,8850,8300,8530,15,-0.017281105990783363
2021-07-30,8880,8880,8880,8880,1,0.041031652989449
2021-08-02,8490,8490,7910,8480,67,-0.04504504504504503
2021-08-03,8470,8470,8390,8390,16,-0.010613207547169767
2021-08-04,8890,8890,8470,8470,12,0.009535160905840279
2021-08-05,8460,8460,8440,8440,3,-0.0035419126328217754
2021-08-06,8560,8890,8400,8890,6136,0.05331753554502372
2021-08-09,8890,8890,8700,8890,799,0.0
2021-08-10,8900,9000,8800,8890,3611,0.0
2021-08-11,9200,9200,8810,8900,220,0.0011248593925758943
2021-08-12,9190,9190,8970,8970,3,0.00786516853932584
2021-08-13,9000,9000,8800,8970,1002,0.0
2021-08-17,9300,9300,8160,8890,202,-0.00891861761426982
2021-08-18,10150,10150,8260,8610,193,-0.03149606299212604
2021-08-19,8610,8810,8600,8810,1120,0.023228803716608626
2021-08-20,8890,8890,8500,8890,6042,0.009080590238365494
2021-08-23,8810,8900,8810,8810,1801,-0.008998875140607376
2021-08-24,8750,8800,8750,8800,3000,-0.0011350737797957144
2021-08-25,8700,8700,8700,8700,400,-0.011363636363636354
2021-08-26,8800,8800,8800,8800,502,0.011494252873563315
2021-08-27,8500,8790,8500,8780,7211,-0.002272727272727315
2021-08-30,8750,8880,8500,8880,1100,0.011389521640091216
2021-08-31,8510,8890,8510,8890,3100,0.0011261261261261701
2021-09-01,8840,8840,8700,8840,1844,-0.0056242969628796935
2021-09-02,8830,8840,8830,8840,1639,0.0
2021-09-03,8900,8900,8900,8900,425,0.006787330316742057
2021-09-06,8900,8900,8900,8900,744,0.0
2021-09-07,8900,8900,8900,8900,10,0.0
2021-09-08,8600,8800,8600,8800,400,-0.011235955056179803
2021-09-09,8780,8780,8780,8780,10,-0.002272727272727315
2021-09-10,8700,8700,8700,8700,200,-0.009111617312072884
2021-09-13,8650,8650,8650,8650,100,-0.005747126436781658
2021-09-14,8670,8670,8670,8670,10,0.0023121387283238093
2021-09-15,8660,8660,8650,8650,20,-0.0023068050749711633
2021-09-16,8880,8950,8870,8950,501,0.034682080924855585
2021-09-17,8890,8950,8670,8950,364,0.0
2021-09-23,8900,8950,8900,8950,356,0.0
2021-09-24,8710,8750,8710,8750,401,-0.022346368715083775
2021-09-27,8710,9000,8710,9000,128,0.02857142857142847
2021-09-28,9000,9000,9000,9000,11,0.0
2021-09-29,9000,9000,7870,9000,118,0.0
2021-09-30,8950,8950,8950,8950,2,-0.005555555555555536
2021-10-01,9000,9000,8700,8700,544,-0.027932960893854775
2021-10-05,10000,10000,8900,8900,201,0.02298850574712641
2021-10-06,8700,8700,8700,8700,0,-0.022471910112359605
2021-10-07,8700,8700,8700,8700,1,0.0
2021-10-08,8700,8700,8700,8700,1,0.0
2021-10-12,9000,9000,7840,8900,2144,0.02298850574712641
2021-10-13,8900,8900,8700,8800,6050,-0.011235955056179803
2021-10-14,8900,8900,8900,8900,1067,0.011363636363636465
2021-10-15,8900,8900,8500,8510,1701,-0.043820224719101075
2021-10-18,8900,8900,8890,8890,1001,0.044653349001175124
2021-10-19,8900,8900,8890,8900,1736,0.0011248593925758943
2021-10-20,8900,8900,8800,8800,2505,-0.011235955056179803
2021-10-21,8900,8900,8900,8900,500,0.011363636363636465
2021-10-22,8910,8910,8900,8900,2000,0.0
2021-10-25,8900,8900,8900,8900,501,0.0
2021-10-26,8900,8900,8800,8800,1000,-0.011235955056179803
2021-10-27,8900,8900,8650,8890,2054,0.010227272727272751
2021-10-28,8810,8900,8600,8900,863,0.0011248593925758943
2021-10-29,8900,8900,8900,8900,1030,0.0
2021-11-01,8950,8950,8950,8950,100,0.00561797752808979
2021-11-02,8900,8950,8600,8890,1515,-0.006703910614525133
2021-11-03,8900,8900,8900,8900,500,0.0011248593925758943
2021-11-04,8900,9200,8900,8900,302,0.0
2021-11-05,9000,9000,8800,8920,704,0.0022471910112360494
2021-11-08,8900,8900,8880,8880,116,-0.004484304932735439
2021-11-09,8900,8900,8200,8600,7011,-0.03153153153153154
2021-11-10,8590,8590,8590,8590,12,-0.0011627906976744429
2021-11-11,8600,8600,8600,8600,501,0.0011641443538998875
2021-11-12,8600,8900,8600,8900,800,0.03488372093023262
2021-11-15,8900,8900,8900,8900,201,0.0
2021-11-16,8900,8900,8900,8900,500,0.0
2021-11-17,8900,8900,8900,8900,500,0.0
2021-11-18,8900,8900,8900,8900,500,0.0
2021-11-19,8900,8900,8900,8900,500,0.0
2021-11-22,8900,8900,8900,8900,100,0.0
2021-11-23,8900,8900,8900,8900,401,0.0
2021-11-24,8900,8900,8650,8650,2056,-0.028089887640449396
2021-11-25,8800,8800,8800,8800,31450,0.01734104046242768
2021-11-26,8800,8900,8800,8900,301,0.011363636363636465
2021-11-29,8900,8900,8900,8900,300,0.0
2021-11-30,8600,8900,8600,8900,6,0.0
2021-12-01,8900,8950,8900,8950,965,0.00561797752808979
2021-12-02,8900,8900,8900,8900,1,-0.005586592178770999
2021-12-03,8900,8900,8900,8900,549,0.0
2021-12-06,8850,8850,8850,8850,0,-0.005617977528089901
2021-12-07,8900,8900,8900,8900,1,0.005649717514124353
2021-12-08,8900,8900,8900,8900,1,0.0
2021-12-09,8900,8900,8900,8900,1,0.0
2021-12-10,9000,9000,8800,8800,2,-0.011235955056179803
2021-12-13,8300,8790,8300,8790,516,-0.001136363636363602
2021-12-14,8690,8690,8690,8690,1,-0.011376564277588153
2021-12-15,8640,8640,8640,8640,0,-0.005753739930955071
2021-12-16,8790,8800,8790,8790,1260,0.01736111111111116
2021-12-17,8800,8800,8500,8740,1002,-0.005688282138794132
2021-12-20,8900,8900,8400,8740,1523,0.0
2021-12-21,8650,8650,8650,8650,0,-0.010297482837528626
2021-12-22,8620,8620,8620,8620,1,-0.003468208092485603
2021-12-23,8670,8670,8670,8670,1,0.0058004640371229765
2021-12-24,8700,8700,8700,8700,1,0.0034602076124568004
2021-12-27,8660,8660,8660,8660,0,-0.0045977011494252595
2021-12-28,8400,8590,8400,8560,16503,-0.011547344110854452
2021-12-29,8530,8530,8530,8530,1,-0.003504672897196248
2021-12-30,8400,8510,8100,8100,2152,-0.05041031652989447
2022-01-03,8400,8590,8200,8300,19506,0.024691358024691468
2022-01-04,8490,8490,8490,8490,60,0.02289156626506017
2022-01-05,8490,8490,8490,8490,262,0.0
2022-01-06,8440,8440,8440,8440,652,-0.005889281507656108
2022-01-07,8440,8440,8440,8440,110,0.0
2022-01-10,8440,8440,8400,8400,130,-0.004739336492891044
2022-01-11,8400,8400,8400,8400,1300,0.0
2022-01-12,8400,8410,8390,8400,1050,0.0
2022-01-13,8400,8450,8400,8450,1002,0.005952380952380931
2022-01-14,8600,8600,8400,8500,2112,0.00591715976331364
2022-01-17,8430,8450,8430,8450,1009,-0.00588235294117645
2022-01-18,8450,8450,8450,8450,0,0.0
2022-01-19,8400,8440,8400,8440,886,-0.0011834319526626835
2022-01-20,8400,8400,8400,8400,112,-0.004739336492891044
2022-01-21,8400,8400,8400,8400,0,0.0
2022-01-24,8200,8400,8020,8400,25,0.0
2022-01-25,8400,8400,8400,8400,10,0.0
2022-01-26,8200,8600,7810,8600,1798,0.023809523809523725
2022-01-27,8400,8400,8400,8400,5,-0.023255813953488413
2022-01-28,8600,8600,8000,8400,55,0.0
2022-02-03,8590,8600,8500,8600,6,0.023809523809523725
2022-02-04,8600,9890,8600,9000,1025,0.04651162790697683
2022-02-07,9000,9000,8800,8800,22,-0.022222222222222254
2022-02-08,8900,8900,8400,8900,571,0.011363636363636465
2022-02-09,8900,8900,8890,8890,17,-0.0011235955056180247
2022-02-10,9000,9000,9000,9000,5,0.012373453318335281
2022-02-11,9000,9000,8600,8600,2432,-0.0444444444444444
2022-02-14,8400,8400,8400,8400,5000,-0.023255813953488413
2022-02-15,8400,8400,8400,8400,9000,0.0
2022-02-16,8580,8580,8530,8550,4502,0.017857142857142794
2022-02-17,8790,8790,8500,8790,7006,0.02807017543859658
2022-02-18,8600,8990,8500,8600,6019,-0.021615472127417545
2022-02-21,8790,8790,8400,8500,7406,-0.011627906976744207
2022-02-22,8500,8500,8490,8490,10012,-0.0011764705882353343
2022-02-23,8590,8590,8210,8570,241,0.009422850412249772
2022-02-24,8790,9800,8600,8600,2525,0.003500583430571691
2022-02-25,9000,9000,8600,9000,37,0.04651162790697683
2022-02-28,10000,10000,8650,8650,1027,-0.03888888888888886
2022-03-02,8650,8650,8650,8650,13,0.0
2022-03-03,8800,8800,8800,8800,1,0.01734104046242768
2022-03-04,8800,8800,8500,8790,7601,-0.001136363636363602
2022-03-07,8800,8800,8800,8800,1098,0.0011376564277587597
2022-03-08,8800,8800,8210,8750,126,-0.005681818181818232
2022-03-10,8400,8700,8400,8700,3,-0.005714285714285672
2022-03-11,8210,8600,8210,8600,300,-0.011494252873563204
2022-03-14,8600,8600,8600,8600,1,0.0
2022-03-15,8610,8610,8400,8400,3776,-0.023255813953488413
2022-03-16,8400,8400,8400,8400,0,0.0
2022-03-17,8400,8400,8400,8400,0,0.0
2022-03-18,8400,8600,8400,8600,1952,0.023809523809523725
2022-03-21,8600,8600,8600,8600,100,0.0
2022-03-22,8600,8600,8600,8600,1,0.0
2022-03-23,8800,8800,8800,8800,517,0.023255813953488413
2022-03-24,8800,8800,8700,8700,201,-0.011363636363636354
2022-03-25,8700,8700,8190,8600,11025,-0.011494252873563204
2022-03-28,8400,8400,8400,8400,8,-0.023255813953488413
2022-03-29,8480,8480,8050,8400,1057,0.0
2022-03-30,8400,8400,8400,8400,0,0.0
2022-03-31,8400,8400,8400,8400,0,0.0
2022-04-01,8400,8400,8400,8400,250,0.0
2022-04-04,8400,8400,8400,8400,0,0.0
2022-04-05,8400,8400,8400,8400,1,0.0
2022-04-06,8400,8400,8400,8400,0,0.0
2022-04-07,8400,8400,8400,8400,0,0.0
2022-04-08,8400,8500,8250,8250,992,-0.017857142857142905
2022-04-11,8200,8490,7830,8490,93,0.029090909090909056
2022-04-12,8490,8490,8490,8490,5,0.0
2022-04-13,8490,8490,8490,8490,0,0.0
2022-04-14,8500,8500,8500,8500,1,0.0011778563015312216
2022-04-15,8500,8500,8500,8500,0,0.0
2022-04-18,8400,8400,8400,8400,0,-0.0117647058823529
2022-04-19,8400,8400,8400,8400,0,0.0
2022-04-20,8300,8300,8300,8300,30,-0.011904761904761862
2022-04-21,8300,8300,8300,8300,0,0.0
2022-04-22,8400,8400,8400,8400,44,0.012048192771084265
2022-04-25,8400,8400,8400,8400,1,0.0
2022-04-26,8400,8400,8400,8400,1,0.0
2022-04-27,8400,8400,8400,8400,1,0.0
2022-04-28,8600,8600,8200,8500,8,0.011904761904761862
2022-04-29,8400,8400,8400,8400,0,-0.0117647058823529
2022-05-02,8200,8200,8200,8200,5,-0.023809523809523836
2022-05-03,8200,8400,8200,8400,80,0.024390243902439046
2022-05-04,8400,8400,7800,7800,805,-0.0714285714285714
2022-05-06,8000,8000,8000,8000,5,0.02564102564102555
2022-05-09,8000,8000,7300,8000,553,0.0
2022-05-10,7970,7970,7400,7890,12,-0.01375000000000004
2022-05-11,7310,7890,7300,7600,2572,-0.03675538656527255
2022-05-12,7400,7600,7400,7600,860,0.0
2022-05-13,7400,7590,7300,7590,56,-0.001315789473684159
2022-05-16,7600,7600,7600,7600,1,0.0013175230566535578
2022-05-17,7600,7600,7600,7600,51,0.0
2022-05-18,7600,7600,7600,7600,1,0.0
2022-05-19,7600,7600,7600,7600,51,0.0
2022-05-20,7600,7600,7200,7390,10463,-0.02763157894736845
2022-05-23,7290,7300,7200,7300,57,-0.012178619756427644
2022-05-24,7300,7300,7300,7300,1,0.0
2022-05-25,7300,7300,7300,7300,0,0.0
2022-05-26,7300,7300,7300,7300,71,0.0
2022-05-27,7230,7300,7100,7300,183,0.0
2022-05-30,7000,7250,7000,7250,7,-0.006849315068493178
2022-05-31,7200,7250,7200,7250,10,0.0
2022-06-02,7000,7200,7000,7200,206,-0.006896551724137945
2022-06-03,7200,7300,7200,7300,699,0.01388888888888884
2022-06-07,7020,7290,7000,7000,738,-0.04109589041095896
2022-06-08,7090,7090,7090,7090,1,0.0128571428571429
2022-06-09,7100,7100,7000,7000,484,-0.012693935119887145
2022-06-10,7000,7000,6200,6400,1277,-0.08571428571428574
2022-06-13,6200,6200,5520,5990,2083,-0.06406250000000002
2022-06-14,6200,6400,5990,6400,1183,0.06844741235392315
2022-06-15,6800,6800,6780,6800,101,0.0625
2022-06-16,6790,6800,6790,6800,302,0.0
2022-06-17,6400,6960,6200,6960,1362,0.0235294117647058
2022-06-20,6980,7190,6980,7190,1275,0.03304597701149414
2022-06-21,7200,7200,7200,7200,70,0.0013908205841446364
2022-06-22,7200,7200,7000,7200,185,0.0
2022-06-23,7200,7200,7200,7200,1,0.0
2022-06-24,7200,7200,7200,7200,501,0.0
2022-06-27,7200,7200,7200,7200,1,0.0
2022-06-28,7200,7200,7200,7200,1,0.0
2022-06-29,7200,7290,7200,7290,301,0.012499999999999956
2022-06-30,7290,7290,7290,7290,0,0.0
2022-07-01,7200,7200,7200,7200,0,-0.012345679012345734
2022-07-04,7400,7400,7400,7400,1,0.02777777777777768
2022-07-05,7400,7400,7400,7400,200,0.0
2022-07-06,7390,7390,7390,7390,0,-0.0013513513513513375
2022-07-07,7390,7390,7390,7390,0,0.0
2022-07-08,7300,7300,7300,7300,100,-0.012178619756427644
2022-07-11,7200,7200,7200,7200,0,-0.013698630136986356
2022-07-12,7200,7200,7200,7200,0,0.0
2022-07-13,7000,7000,7000,7000,0,-0.02777777777777779
2022-07-14,7000,7000,7000,7000,800,0.0
2022-07-15,7100,7100,7090,7090,201,0.0128571428571429
2022-07-18,7400,7400,7400,7400,200,0.0437235543018335
2022-07-19,7700,7700,7700,7700,200,0.04054054054054057
2022-07-20,7710,7710,7710,7710,200,0.0012987012987013546
2022-07-21,7710,7710,7710,7710,0,0.0
2022-07-22,7710,7710,7710,7710,0,0.0
2022-07-25,7800,7800,7800,7800,1,0.011673151750972721
2022-07-26,7800,7800,7800,7800,0,0.0
2022-07-27,7940,7940,7940,7940,100,0.017948717948717885
2022-07-28,7940,7940,7940,7940,0,0.0
2022-07-29,8190,8190,8190,8190,120,0.03148614609571787
2022-08-01,8180,8180,8180,8180,0,-0.0012210012210012167
2022-08-02,8180,8180,8180,8180,0,0.0
2022-08-03,8170,8170,8170,8170,0,-0.0012224938875305957
2022-08-04,8150,8150,8150,8150,0,-0.002447980416156681
2022-08-05,8390,8390,7010,8360,62,0.025766871165644245
2022-08-08,8260,8260,8260,8260,0,-0.011961722488038284
2022-08-09,8300,8490,8290,8490,200,0.02784503631961255
2022-08-10,8490,8490,8490,8490,0,0.0
2022-08-11,8490,8490,8490,8490,0,0.0
2022-08-12,8540,8540,8540,8540,100,0.005889281507656108
2022-08-16,8540,8540,8540,8540,0,0.0
2022-08-17,8540,8540,8540,8540,0,0.0
2022-08-18,8540,8540,8540,8540,0,0.0
2022-08-19,8800,8800,8800,8800,150,0.030444964871194413
2022-08-22,8400,8400,7480,7490,1209,-0.1488636363636363
2022-08-23,7500,7500,6900,7120,324,-0.04939919893190925
2022-08-24,7000,7000,7000,7000,1,-0.016853932584269704
2022-08-25,6200,7000,6200,7000,4220,0.0
2022-08-26,7390,7390,6600,7390,317,0.055714285714285605
2022-08-29,7200,7600,7000,7000,11,-0.05277401894451961
2022-08-30,7190,7190,7190,7190,1,0.027142857142857135
2022-08-31,7600,7600,7600,7600,1,0.057023643949930536
2022-09-01,7790,7790,7790,7790,1,0.02499999999999991
2022-09-02,8000,8000,7000,7790,131,0.0
2022-09-05,8000,8000,7000,7980,62,0.024390243902439046
2022-09-06,8170,8170,7210,7210,81,-0.0964912280701754
2022-09-07,7400,7400,6200,7390,514,0.02496532593619971
2022-09-08,7000,7200,6600,7200,502,-0.025710419485791558
2022-09-13,7200,7200,7200,7200,201,0.0
2022-09-14,7600,7600,7000,7000,2,-0.02777777777777779
2022-09-15,7400,7400,7400,7400,1,0.05714285714285716
2022-09-16,7600,7600,7600,7600,1,0.027027027027026973
2022-09-19,7800,7800,7000,7790,313,0.02499999999999991
2022-09-20,7400,7990,7400,7990,6,0.025673940949935803
2022-09-21,8190,8190,8190,8190,1,0.0250312891113893
2022-09-22,8290,8290,8290,8290,1,0.012210012210012167
2022-09-23,8380,8380,8380,8380,1,0.010856453558504287
2022-09-26,8490,8490,8490,8490,1,0.013126491646778149
2022-09-27,8580,8580,8490,8540,3,0.005889281507656108
2022-09-28,8580,8580,8580,8580,1,0.004683840749414525
2022-09-29,7500,8580,7300,8550,241,-0.0034965034965035446
2022-09-30,8550,8550,8550,8550,0,0.0
2022-10-04,7270,8550,7270,8540,152,-0.0011695906432748204
2022-10-05,8490,8490,8490,8490,245,-0.005854800936768156
2022-10-06,8590,8590,7250,8580,132,0.010600706713780994
2022-10-07,7970,7970,7970,7970,0,-0.07109557109557108
2022-10-11,7790,7790,7790,7790,0,-0.02258469259723961
2022-10-12,7990,7990,7790,7990,302,0.025673940949935803
2022-10-13,6800,8070,6800,8070,2,0.01001251564455563
2022-10-14,7750,7750,7750,7750,0,-0.039653035935563796
2022-10-17,7990,7990,7990,7990,1,0.030967741935483906
2022-10-18,7300,7300,7300,7300,0,-0.08635794743429281
2022-10-19,7400,7400,7310,7390,202,0.012328767123287676
2022-10-20,7300,7300,7300,7300,0,-0.012178619756427644
2022-10-21,7500,7500,7500,7500,1,0.027397260273972712
2022-10-24,7570,7570,7570,7570,1,0.009333333333333416
2022-10-25,7400,7400,7400,7400,0,-0.022457067371202122
2022-10-26,7590,7590,6290,7520,33,0.016216216216216273
2022-10-27,6990,6990,6990,6990,0,-0.07047872340425532
2022-10-28,7290,7290,6110,7290,4,0.0429184549356223
2022-10-31,7190,7190,7190,7190,0,-0.013717421124828544
2022-11-01,7590,7590,7590,7590,1,0.0556328233657859
2022-11-02,7290,7290,7290,7290,0,-0.03952569169960474
2022-11-03,7190,7190,7190,7190,0,-0.013717421124828544
2022-11-04,7300,7300,7300,7300,5005,0.015299026425591
2022-11-07,7240,7240,7240,7240,0,-0.008219178082191747
2022-11-08,7600,7600,7600,7600,1,0.04972375690607733
2022-11-09,7290,7290,7290,7290,0,-0.04078947368421049
2022-11-10,7590,7590,7590,7590,1,0.04115226337448563
2022-11-11,7290,7290,7290,7290,0,-0.03952569169960474
2022-11-14,7520,7520,7520,7520,1,0.03155006858710552
2022-11-15,7580,7580,7580,7580,1,0.007978723404255428
2022-11-16,7770,7770,7770,7770,1,0.02506596306068598
2022-11-17,7490,7490,7490,7490,0,-0.036036036036036
2022-11-18,7480,7480,7480,7480,0,-0.001335113484646211
2022-11-21,7210,7580,7210,7580,301,0.013368983957219305
2022-11-22,7000,7750,7000,7750,367,0.02242744063324542
2022-11-23,7000,7770,7000,7010,8054,-0.09548387096774191
2022-11-24,7300,7300,7300,7300,1,0.041369472182596345
2022-11-25,7190,7190,7190,7190,30,-0.015068493150684925
2022-11-28,7400,7400,7400,7400,1,0.029207232267037586
2022-11-29,7000,7000,7000,7000,0,-0.05405405405405406
2022-11-30,7190,7190,7190,7190,153,0.027142857142857135
2022-12-01,7400,7400,7400,7400,1,0.029207232267037586
2022-12-02,7600,7600,7600,7600,1,0.027027027027026973
2022-12-05,7600,7600,7600,7600,0,0.0
2022-12-06,7600,7600,7600,7600,0,0.0
2022-12-07,7590,7590,7590,7590,0,-0.001315789473684159
2022-12-08,7500,7500,7500,7500,0,-0.011857707509881465
2022-12-09,7500,7500,7500,7500,1,0.0
2022-12-12,7500,7500,7500,7500,0,0.0
2022-12-13,7500,7500,7500,7500,0,0.0
2022-12-14,7500,7500,7500,7500,0,0.0
2022-12-15,7500,7500,7500,7500,0,0.0
2022-12-16,7500,7500,7500,7500,0,0.0
2022-12-19,7500,7500,7500,7500,300,0.0
2022-12-20,7500,7500,7500,7500,201,0.0
2022-12-21,7500,7500,7500,7500,1,0.0
2022-12-22,7500,7500,7500,7500,15001,0.0
2022-12-23,7590,7590,7590,7590,1,0.01200000000000001
2022-12-26,7500,7500,7500,7500,0,-0.011857707509881465
2022-12-27,6500,7500,6500,7490,5102,-0.0013333333333332975
2022-12-28,6410,7470,6410,7470,63,-0.002670226969292422
2022-12-29,6350,6960,6350,6960,36,-0.06827309236947787
2023-01-02,7590,7590,7590,7590,1,0.09051724137931028
2023-01-03,7990,7990,7990,7990,1,0.05270092226613965
2023-01-04,7920,7920,7920,7920,0,-0.008760951188986232
2023-01-05,7100,7100,6750,7000,961,-0.11616161616161613
2023-01-06,7600,7600,6030,6980,253,-0.0028571428571428914
2023-01-09,7500,7500,7500,7500,1,0.07449856733524363
2023-01-10,7000,7000,7000,7000,0,-0.06666666666666665
2023-01-11,7380,7380,6000,6950,111,-0.0071428571428571175
2023-01-12,7490,7490,6100,6670,46,-0.0402877697841727
2023-01-13,7200,7200,5820,5820,8,-0.1274362818590704
2023-01-16,6600,6600,5050,5360,4,-0.07903780068728528
2023-01-17,6150,6150,6150,6150,1,0.1473880597014925
2023-01-18,6600,6600,6600,6600,1,0.07317073170731714
2023-01-19,6800,6800,5610,6560,24,-0.0060606060606061
2023-01-20,6000,6000,6000,6000,1,-0.08536585365853655
2023-01-25,6000,6000,6000,6000,0,0.0
2023-01-26,6000,6000,6000,6000,3,0.0
2023-01-27,6800,6800,5500,6790,103,0.1316666666666666
2023-01-30,6000,6780,6000,6780,201,-0.0014727540500736325
2023-01-31,6000,6000,6000,6000,300,-0.11504424778761058
2023-02-01,6800,6800,6800,6800,1,0.1333333333333333
2023-02-02,5800,6200,5780,6000,460,-0.11764705882352944
2023-02-03,5990,5990,5990,5990,0,-0.0016666666666667052
2023-02-06,6860,6860,6860,6860,1,0.14524207011686152
2023-02-07,6000,6150,5840,5840,34,-0.14868804664723034
2023-02-08,6000,6000,6000,6000,1,0.027397260273972712
2023-02-09,5990,5990,5990,5990,1,-0.0016666666666667052
2023-02-10,6000,6000,6000,6000,1,0.0016694490818029983
2023-02-13,6000,6000,6000,6000,0,0.0
2023-02-14,6000,6000,6000,6000,0,0.0
2023-02-15,5200,6750,5200,6670,6,0.11166666666666658
2023-02-16,5670,6600,5670,5680,4,-0.14842578710644683
2023-02-17,6000,6000,6000,6000,1,0.05633802816901401
2023-02-20,6000,6000,6000,6000,1,0.0
2023-02-21,6000,6000,6000,6000,160,0.0
2023-02-22,6000,6000,6000,6000,0,0.0
2023-02-23,5980,5980,5980,5980,1,-0.0033333333333332993
2023-02-24,5980,5980,5980,5980,0,0.0
2023-02-27,5980,5980,5980,5980,0,0.0
2023-02-28,5980,5980,5980,5980,0,0.0
2023-03-02,6860,6860,6860,6860,1,0.1471571906354514
2023-03-03,6000,6000,6000,6000,0,-0.12536443148688048
2023-03-06,6000,6000,6000,6000,0,0.0
2023-03-07,5500,6000,5500,6000,321,0.0
2023-03-08,6000,6000,6000,6000,1,0.0
2023-03-09,6000,6000,6000,6000,1,0.0
2023-03-10,6000,6000,6000,6000,1,0.0
2023-03-13,6000,6880,6000,6880,101,0.14666666666666672
2023-03-14,5990,5990,5990,5990,12,-0.12936046511627908
2023-03-15,6000,6000,6000,6000,1,0.0016694490818029983
2023-03-16,5990,5990,5970,5970,2,-0.0050000000000000044
2023-03-17,5990,5990,5990,5990,1,0.003350083752093891
2023-03-20,5990,5990,5990,5990,2,0.0
2023-03-21,5990,5990,5990,5990,11,0.0
2023-03-22,6780,6780,5100,5990,4,0.0
2023-03-23,6800,6800,5100,6000,3,0.0016694490818029983
2023-03-24,6000,6000,6000,6000,0,0.0
2023-03-27,6000,6000,6000,6000,0,0.0
2023-03-28,5990,5990,5990,5990,91,-0.0016666666666667052
2023-03-29,5990,5990,5990,5990,0,0.0
2023-03-30,5600,5990,5600,5990,2,0.0
2023-03-31,5990,5990,5990,5990,20,0.0
2023-04-03,5990,5990,5990,5990,0,0.0
2023-04-04,5990,5990,5990,5990,0,0.0
2023-04-05,5990,5990,5800,5990,61,0.0
2023-04-06,5990,5990,5990,5990,0,0.0
2023-04-07,5600,5600,5600,5600,11,-0.06510851419031716
2023-04-10,6000,6000,5500,5500,2,-0.017857142857142905
2023-04-11,5800,5800,5800,5800,1,0.05454545454545445
2023-04-12,5900,5900,5900,5900,1,0.01724137931034475
2023-04-13,5900,5900,5900,5900,0,0.0
2023-04-14,5900,5900,5900,5900,0,0.0
2023-04-17,5890,5890,5890,5890,1,-0.0016949152542372614
2023-04-18,5890,5890,5890,5890,0,0.0
2023-04-19,5700,5700,5700,5700,0,-0.032258064516129004
2023-04-20,5500,5700,5500,5700,101,0.0
2023-04-21,6000,6000,5000,5850,111,0.026315789473684292
2023-04-24,5500,6000,5500,5850,12,0.0
2023-04-25,6000,6000,4980,5890,102,0.006837606837606813
2023-04-26,5890,5890,5890,5890,0,0.0
2023-04-27,6000,6000,6000,6000,1,0.018675721561969505
2023-04-28,5990,5990,5990,5990,0,-0.0016666666666667052
2023-05-02,6390,6390,6390,6390,1,0.06677796327212016
2023-05-03,5890,5890,5890,5890,0,-0.07824726134585291
2023-05-04,5890,5890,5890,5890,340,0.0
2023-05-08,5880,5880,5880,5880,0,-0.001697792869269965
2023-05-09,5870,5870,5870,5870,0,-0.00170068027210879
2023-05-10,6190,6190,6190,6190,1,0.054514480408858645
2023-05-11,5880,5880,5880,5880,0,-0.050080775444264924
2023-05-12,5990,5990,5990,5990,1,0.018707482993197244
2023-05-15,5880,5880,5880,5880,0,-0.018363939899833093
2023-05-16,5990,5990,5990,5990,1,0.018707482993197244
2023-05-17,5800,5800,5800,5800,0,-0.03171953255425708
2023-05-18,5800,5800,5800,5800,0,0.0
2023-05-19,5790,5790,5790,5790,0,-0.0017241379310344307
2023-05-22,5980,5980,5000,5900,85,0.01899827288428324
2023-05-23,5870,5870,5870,5870,0,-0.005084745762711895
2023-05-24,5700,5700,5700,5700,0,-0.028960817717206155
2023-05-25,6170,6170,4880,4880,2,-0.14385964912280702
2023-05-26,5600,5600,4150,5600,3,0.14754098360655732
2023-05-30,5990,5990,5990,5990,1,0.06964285714285712
2023-05-31,5100,5750,5100,5750,12,-0.04006677796327207
2023-06-01,5800,5800,5000,5790,5,0.006956521739130528
2023-06-02,5940,5940,5940,5940,12,0.02590673575129543
2023-06-05,5860,5870,5050,5840,114,-0.01683501683501687
2023-06-07,5000,5990,5000,5080,78,-0.13013698630136983
2023-06-08,5080,5090,5080,5090,11,0.0019685039370078705
2023-06-09,5080,5850,5080,5850,31,0.14931237721021606
2023-06-12,6580,6580,4980,5740,8,-0.018803418803418848
2023-06-13,5750,5750,4880,5740,5,0.0
2023-06-14,5900,5900,4880,5700,6,-0.006968641114982632
2023-06-15,5680,5680,4850,5500,7,-0.03508771929824561
2023-06-16,6000,6000,4680,5480,7,-0.0036363636363636598
2023-06-19,5500,5500,4660,5490,617,0.0018248175182482562
2023-06-20,5490,5490,5490,5490,0,0.0
2023-06-21,4670,5490,4670,5490,2,0.0
2023-06-22,4670,5480,4670,5480,2,-0.0018214936247723523
2023-06-23,6000,6000,4660,5790,20,0.0565693430656935
2023-06-26,4930,5800,4930,5770,4,-0.003454231433506094
2023-06-27,4920,4920,4920,4920,1,-0.14731369150779894
2023-06-28,5290,5500,4190,5500,18304,0.11788617886178865
2023-06-29,5390,5390,5390,5390,0,-0.020000000000000018
2023-06-30,4995,5000,4995,5000,16,-0.07235621521335811
2023-07-03,5600,5600,5600,5600,1,0.1200000000000001
2023-07-04,6440,6440,6380,6380,24,0.13928571428571423
2023-07-05,5990,5990,5990,5990,0,-0.061128526645768066
2023-07-06,6870,6870,5900,5980,11,-0.0016694490818029983
2023-07-07,6490,6490,5090,5980,3,0.0
2023-07-10,5500,5500,5500,5500,1,-0.08026755852842804
2023-07-11,5300,5300,5300,5300,0,-0.036363636363636376
2023-07-12,5100,5100,5100,5100,1,-0.037735849056603765
2023-07-13,5000,5000,5000,5000,1,-0.019607843137254943
2023-07-14,5000,5000,5000,5000,100,0.0
2023-07-17,5000,5000,5000,5000,0,0.0
2023-07-18,5740,5740,4950,4950,3,-0.010000000000000009
2023-07-19,5680,5680,5680,5680,1,0.14747474747474754
2023-07-20,5600,5600,5600,5600,1,-0.014084507042253502
2023-07-21,6410,6410,4760,5790,3,0.03392857142857153
2023-07-24,5780,5790,5780,5790,2,0.0
2023-07-25,5000,5000,5000,5000,4,-0.13644214162348878
2023-07-26,5000,5000,5000,5000,1,0.0
2023-07-27,5000,5000,5000,5000,1,0.0
2023-07-28,5750,5750,5730,5730,12,0.1459999999999999
2023-07-31,5500,5500,4880,5500,12,-0.04013961605584637
2023-08-01,6290,6290,4680,5320,3,-0.032727272727272716
2023-08-02,5800,5800,5800,5800,1,0.09022556390977443
2023-08-03,5790,5790,5790,5790,1,-0.0017241379310344307
2023-08-04,6500,6500,5300,5300,2,-0.08462867012089814
2023-08-07,5100,5100,5100,5100,1,-0.037735849056603765
2023-08-08,5860,5860,4340,5780,33,0.1333333333333333
2023-08-09,5100,5490,5100,5490,11,-0.05017301038062283
2023-08-10,5100,5100,5100,5100,5,-0.07103825136612019
2023-08-11,5790,5790,5790,5790,1,0.1352941176470588
2023-08-14,5100,5100,5100,5100,1,-0.11917098445595853
2023-08-16,5100,5600,5100,5600,39,0.0980392156862746
2023-08-17,5400,5590,5400,5590,21,-0.0017857142857142794
2023-08-18,6360,6370,4760,6340,453,0.13416815742397148
2023-08-21,5390,5390,5390,5390,1,-0.14984227129337535
2023-08-22,5000,5490,5000,5490,51,0.01855287569573294
2023-08-23,5100,5490,5100,5490,232,0.0
2023-08-24,5100,6100,4900,5500,312,0.0018214936247722413
2023-08-25,5400,5990,5000,5990,211,0.08909090909090911
2023-08-28,6860,6860,5100,5900,1563,-0.015025041736227096
2023-08-29,5020,5890,5020,5890,485,-0.0016949152542372614
2023-08-30,5040,5200,5010,5100,1045,-0.13412563667232602
2023-08-31,5850,5850,5000,5000,166,-0.019607843137254943
2023-09-01,5000,5000,5000,5000,251,0.0
2023-09-04,5000,5750,5000,5050,628,0.010000000000000009
2023-09-05,5000,5000,4800,5000,41,-0.00990099009900991
2023-09-06,5000,5000,5000,5000,94,0.0
2023-09-07,5000,5000,5000,5000,10,0.0
2023-09-08,5000,5000,5000,5000,222,0.0
2023-09-11,5050,5050,5000,5000,9,0.0
2023-09-12,5000,5000,5000,5000,40,0.0
2023-09-13,5000,5000,5000,5000,30,0.0
2023-09-14,5000,5000,5000,5000,1,0.0
2023-09-15,5740,5740,4990,4990,11,-0.0020000000000000018
2023-09-18,5000,5000,5000,5000,20,0.002004008016031955
2023-09-19,5000,5000,5000,5000,14,0.0
2023-09-20,5000,5000,5000,5000,0,0.0
2023-09-21,5000,5000,5000,5000,0,0.0
2023-09-22,5000,5000,5000,5000,0,0.0
2023-09-25,5000,5000,5000,5000,0,0.0
2023-09-26,5000,5000,5000,5000,0,0.0
2023-09-27,5000,5000,5000,5000,0,0.0
2023-10-04,5000,5000,5000,5000,2,0.0
2023-10-05,4850,5000,4850,5000,19228,0.0
2023-10-06,5000,5000,5000,5000,0,0.0
2023-10-10,5000,5000,5000,5000,0,0.0
2023-10-11,4995,4995,4995,4995,4140,-0.0010000000000000009
2023-10-12,4995,4995,4995,4995,0,0.0
2023-10-13,4995,4995,4995,4995,0,0.0
2023-10-16,4995,4995,4995,4995,1,0.0
2023-10-17,4995,4995,4250,4250,91,-0.14914914914914912
2023-10-18,4880,4885,4880,4885,55,0.14941176470588236
2023-10-19,4890,4890,4890,4890,20,0.0010235414534287557
2023-10-20,4890,5000,4890,5000,88,0.02249488752556239
2023-10-23,5000,5000,5000,5000,0,0.0
2023-10-24,4985,4985,4985,4985,0,-0.0030000000000000027
2023-10-25,4980,4980,4980,4980,0,-0.0010030090270812808
2023-10-26,4975,4975,4975,4975,0,-0.0010040160642570406
2023-10-27,4975,4975,4975,4975,0,0.0
2023-10-30,4975,4975,4975,4975,0,0.0
2023-10-31,4975,4975,4975,4975,10,0.0
2023-11-01,4970,4980,4970,4980,161,0.0010050251256281673
2023-11-02,4975,4975,4975,4975,5,-0.0010040160642570406
2023-11-03,4235,4975,4235,4975,2,0.0
2023-11-06,4950,4995,4950,4995,118,0.004020100502512669
2023-11-07,4995,4995,4995,4995,2,0.0
2023-11-08,4995,4995,4995,4995,408,0.0
2023-11-09,4995,4995,4990,4990,101,-0.0010010010010009784
2023-11-10,4990,4990,4990,4990,10001,0.0
